Model,Accuracy,Precision,Recall,F1 Score
KNN,0.9316239316239316,0.9279920759512595,0.9316239316239316,0.9129635952717753
