Model,Accuracy,Precision,Recall,F1 Score
Random Forest,0.9458689458689459,0.9411072274756669,0.9458689458689459,0.9389199146548505
