Model,Accuracy,Precision,Recall,F1 Score
SVM,0.957264957264957,0.955603038936372,0.957264957264957,0.956239734697507
